route_id,service_id,trip_id,trip_headsign,trip_short_name,direction_id,block_id,shape_id,wheelchair_accessible
31,1,1,Terminalbus,6S A,0,,,
31,1,2,Terminalbus,6S A,0,,,
31,1,3,Terminalbus,A,0,,,
31,1,4,Terminalbus,A,0,,,
31,1,5,Terminalbus,A,0,,,
31,1,6,Terminalbus,A,0,,,
31,1,7,Terminalbus,A,0,,,
31,1,8,Terminalbus,A,0,,,
31,1,9,Terminalbus,A,0,,,
31,1,10,Terminalbus,A,0,,,
31,1,11,Terminalbus,A,0,,,
31,1,12,Terminalbus,A,0,,,
31,1,13,Terminalbus,A,0,,,
31,1,14,Terminalbus,A A A A A,0,,,
31,1,15,Terminalbus,A A A A A,0,,,
31,1,16,Terminalbus,A A A A A,0,,,
31,1,17,Terminalbus,A A A A A,0,,,
31,1,18,Ospedale/ Università(lato università),A A A A A,0,,,
32,1,19,Ospedale/ Università (lato ospedale),6DL,0,,,
32,1,20,Terminalbus,B,0,,,
32,1,21,Terminalbus,B,0,,,
32,1,22,Terminalbus,B,0,,,
32,1,23,Terminalbus,B,0,,,
32,1,24,Terminalbus,B,0,,,
32,1,25,Terminalbus,B,0,,,
32,1,26,Terminalbus,B,0,,,
32,1,27,Terminalbus,B,0,,,
32,1,28,Terminalbus,B,0,,,
32,1,29,Terminalbus,B,0,,,
32,1,30,Terminalbus,B,0,,,
32,1,31,Terminalbus,B,0,,,
32,1,32,Terminalbus,B,0,,,
32,1,33,Terminalbus,B,0,,,
32,1,34,Ospedale/ Università (lato ospedale),B,0,,,
10,1,35,Viale Croce Rossa,,0,,,
10,1,36,Finanza,,0,,,
10,1,37,L'Aquilone,,0,,,
10,1,38,Finanza,,0,,,
10,1,39,L'Aquilone,,0,,,
10,1,40,Finanza,SA,0,,,
10,1,41,L'Aquilone,SA,0,,,
10,1,42,L'Aquilone,SA,0,,,
10,1,43,L'Aquilone,SA,0,,,
10,1,44,Viale Croce Rossa,SA,0,,,
10,1,45,L'Aquilone,SA,0,,,
10,1,46,Viale Croce Rossa,SA,0,,,
10,1,47,Finanza,SA,0,,,
10,1,48,L'Aquilone,SA,0,,,
10,1,49,Viale Croce Rossa,SA,0,,,
10,1,50,L'Aquilone,SA,0,,,
10,1,51,Finanza,SA,0,,,
10,1,52,Viale Croce Rossa,SA,0,,,
10,1,53,L'Aquilone,SA,0,,,
10,1,54,L'Aquilone,SA,0,,,
10,1,55,Viale Croce Rossa,SA,0,,,
10,1,56,Via San Sisto,S,0,,,
10,1,57,L'Aquilone,S,0,,,
10,1,58,Via Amiternum,S,0,,,
10,1,59,L'Aquilone,S,0,,,
10,1,60,L'Aquilone,S,0,,,
10,1,61,Viale Croce Rossa,S,0,,,
10,1,62,L'Aquilone,S,0,,,
10,1,63,Viale Croce Rossa,S,0,,,
10,1,64,L'Aquilone,S,0,,,
10,1,65,L'Aquilone,S,0,,,
10,1,66,L'Aquilone,S,0,,,
10,1,67,Viale Croce Rossa,S,0,,,
10,1,68,L'Aquilone,S,0,,,
10,1,69,L'Aquilone,S,0,,,
10,1,70,Viale Croce Rossa,S,0,,,
10,1,71,Reiss Romoli,S,0,,,
10,1,72,Terminalbus,,1,,,
10,1,73,Terminalbus,,1,,,
10,1,74,Terminalbus,,1,,,
10,1,75,Terminalbus,,1,,,
10,1,76,Terminalbus,,1,,,
10,1,77,Terminalbus,,1,,,
10,1,78,Terminalbus,,1,,,
10,1,79,Terminalbus,,1,,,
10,1,80,Terminalbus,,1,,,
10,1,81,Terminalbus,,1,,,
10,1,82,Terminalbus,,1,,,
10,1,83,Terminalbus,,1,,,
10,1,84,Terminalbus,,1,,,
10,1,85,Terminalbus,ST,1,,,
10,1,86,Terminalbus,S,1,,,
10,1,87,Terminalbus,S,1,,,
10,1,88,Terminalbus,S,1,,,
10,1,89,Terminalbus,S,1,,,
10,1,90,Terminalbus,S,1,,,
10,1,91,Terminalbus,CS,1,,,
10,1,92,Terminalbus,S,1,,,
10,1,93,Terminalbus,T,1,,,
10,1,94,Terminalbus,T,1,,,
10,1,95,Terminalbus,T,1,,,
10,1,96,Terminalbus,T,1,,,
10,1,97,Terminalbus,T,1,,,
10,1,98,Terminalbus,T,1,,,
10,1,99,Terminalbus,T,1,,,
10,1,100,Terminalbus,T,1,,,
10,1,101,Terminalbus,T,1,,,
10,1,102,Terminalbus,T,1,,,
10,1,103,Terminalbus,T,1,,,
10,1,104,Terminalbus,T,1,,,
10,1,105,Terminalbus,T,1,,,
10,1,106,Terminalbus,A,1,,,
19,1,107,2,,0,,,
19,1,108,2,,0,,,
19,1,109,2,,0,,,
19,1,110,2,,0,,,
19,1,111,2,,0,,,
19,1,112,2,,0,,,
19,1,113,2,,0,,,
19,1,114,A,A,0,,,
19,1,115,S,S,0,,,
19,1,116,S,S,0,,,
19,1,117,S,S,0,,,
19,1,118,S,S,0,,,
19,1,119,S,S,0,,,
19,1,120,S,S,0,,,
19,1,121,S,S,0,,,
19,1,122,S,S,0,,,
19,1,123,S,S,0,,,
19,1,124,S,S,0,,,
19,1,125,S,S,0,,,
19,1,126,S,S,0,,,
19,1,127,S,S,0,,,
19,1,128,B,B,0,,,
19,1,129,B,B,0,,,
19,1,130,B,B,0,,,
19,1,131,B,B,0,,,
19,1,132,B,B,0,,,
19,1,133,B,B,0,,,
12,1,134,S.S.80(lato Caserma),,0,,,
12,1,135,L'Aquilone,B,0,,,
12,1,136,L'Aquilone,ST,0,,,
12,1,137,L'Aquilone,ST,0,,,
12,1,138,L'Aquilone,S,0,,,
12,1,139,L'Aquilone,S,0,,,
12,1,140,L'Aquilone,S,0,,,
12,1,141,L'Aquilone,S,0,,,
12,1,142,L'Aquilone,S,0,,,
12,1,143,L'Aquilone,S,0,,,
12,1,144,L'Aquilone,S,0,,,
12,1,145,L'Aquilone,S,0,,,
12,1,146,L'Aquilone,S,0,,,
12,1,147,S,S,0,,,
12,1,148,S,S,0,,,
12,1,149,S,S,0,,,
12,1,150,S,S,0,,,
12,1,151,S,S,0,,,
12,1,152,S,S,0,,,
12,1,153,A,A,0,,,
12,1,154,SA,SA,0,,,
12,1,155,A,A,0,,,
12,1,156,A,A,0,,,
25,1,157,Università (lato ospedale),,0,,,
25,1,158,S.p. 33,S,0,,,
25,1,159,Cansatessa,S,0,,,
25,1,160,Università (lato ospedale),S,0,,,
25,1,161,Università (lato ospedale),S,0,,,
25,1,162,Università (lato ospedale),S,0,,,
25,1,163,Università (lato ospedale),S,0,,,
25,1,164,Università (lato ospedale),S,0,,,
25,1,165,Università (lato ospedale),S,0,,,
25,1,166,Università (lato ospedale),S,0,,,
25,1,167,Università (lato ospedale),S,0,,,
25,1,168,Università (lato ospedale),S,0,,,
25,1,169,Università (lato ospedale),S,0,,,
25,1,170,Università (lato ospedale),S,0,,,
25,1,171,Università (lato ospedale),S,0,,,
25,1,172,Università (lato ospedale),S,0,,,
25,1,173,Università (lato ospedale),S,0,,,
25,1,174,Università (lato ospedale),S,0,,,
25,1,175,Università (lato ospedale),S,0,,,
25,1,176,Università (lato ospedale),S,0,,,
25,1,177,Università (lato ospedale),S,0,,,
25,1,178,Università (lato ospedale),S,0,,,
25,1,179,Università (lato ospedale),S,0,,,
25,1,180,Università (lato ospedale),S,0,,,
25,1,181,Terminalbus,,1,,,
25,1,182,Terminalbus,,1,,,
25,1,183,Antica Arischia,S,1,,,
25,1,184,Terminalbus,S,1,,,
25,1,185,Terminalbus,A,1,,,
25,1,186,Terminalbus,A,1,,,
25,1,187,Terminalbus,A,1,,,
25,1,188,Terminalbus,A,1,,,
25,1,189,Terminalbus,A,1,,,
25,1,190,Terminalbus,A,1,,,
25,1,191,Terminalbus,A,1,,,
25,1,192,Terminalbus,A,1,,,
25,1,193,Terminalbus,A,1,,,
25,1,194,Terminalbus,A,1,,,
25,1,195,Terminalbus,A,1,,,
25,1,196,Terminalbus,A,1,,,
25,1,197,Terminalbus,A,1,,,
25,1,198,Terminalbus,A,1,,,
25,1,199,Terminalbus,A,1,,,
25,1,200,Terminalbus,A,1,,,
25,1,201,Terminalbus,A,1,,,
25,1,202,Terminalbus,A,1,,,
25,1,203,Terminalbus,A,1,,,
18,1,204,5,,0,,,
18,1,205,S,S,0,,,
18,1,206,S,S,0,,,
18,1,207,N,N,0,,,
18,1,208,S,S,0,,,
18,1,209,S,S,0,,,
18,1,210,S,S,0,,,
18,1,211,S,S,0,,,
18,1,212,S,S,0,,,
18,1,213,N,N,0,,,
18,1,214,S,S,0,,,
18,1,215,S,S,0,,,
18,1,216,N,N,0,,,
18,1,217,S,S,0,,,
18,1,218,S,S,0,,,
18,1,219,S,S,0,,,
18,1,220,S,S,0,,,
18,1,221,CASE polveriera (via piemonte),S,0,,,
33,1,222,Terminalbus,,0,,,
33,1,223,Terminalbus,,0,,,
33,1,224,Terminalbus,,0,,,
33,1,225,Terminalbus,S,0,,,
33,1,226,Terminalbus,AS,0,,,
33,1,227,Terminalbus,AS,0,,,
33,1,228,Terminalbus,AS,0,,,
33,1,229,Terminalbus,AS,0,,,
33,1,230,Tempera,AS,0,,,
33,1,231,Terminalbus,AS,0,,,
33,1,232,Terminalbus,AS,0,,,
33,1,233,Terminalbus,AS,0,,,
33,1,234,Terminalbus,AS,0,,,
33,1,235,Terminalbus,AS,0,,,
33,1,236,Terminalbus,AS,0,,,
33,1,237,Terminalbus,AS,0,,,
33,1,238,Terminalbus,AS,0,,,
33,1,239,Terminalbus,AS,0,,,
33,1,240,Terminalbus,AS,0,,,
33,1,241,progetto CASE,B,0,,,
33,1,242,Terminalbus,B,0,,,
33,1,243,Terminalbus,B,0,,,
33,1,244,Terminalbus,B,0,,,
33,1,245,Terminalbus,B,0,,,
33,1,246,Terminalbus,S,0,,,
33,1,247,Terminalbus,S,0,,,
33,1,248,Terminalbus,S,0,,,
33,1,249,Terminalbus,S,0,,,
33,1,250,Terminalbus,S,0,,,
33,1,251,Terminalbus,S,0,,,
33,1,252,Terminalbus,S,0,,,
33,1,253,Terminalbus,S,0,,,
34,1,254,Via Cencioni,,0,,,
34,1,255,Paganica piazza,,0,,,
34,1,256,Via Cencioni,B,0,,,
34,1,257,Via Cencioni,B,0,,,
34,1,258,C.A.S.E. Camarda,B,0,,,
34,1,259,C.A.S.E. Camarda,B,0,,,
34,1,260,Via Cencioni,B,0,,,
34,1,261,Via Cencioni,D,0,,,
34,1,262,C.A.S.E. Camarda,S,0,,,
34,1,263,C.A.S.E. Camarda,D,0,,,
34,1,264,Via Cencioni,D,0,,,
34,1,265,Via Cencioni,D,0,,,
34,1,266,Via Cencioni,SF,0,,,
34,1,267,C.A.S.E. Camarda,SF,0,,,
34,1,268,C.A.S.E. Camarda,SF,0,,,
34,1,269,C.A.S.E. Camarda,SF,0,,,
34,1,270,C.A.S.E. Camarda,SF,0,,,
34,1,271,C.A.S.E. Camarda,SF,0,,,
34,1,272,C.A.S.E. Camarda,SF,0,,,
34,1,273,Funivia,SF,0,,,
35,1,274,M6B,Paganica,0,,,
35,1,275,M6B,via Fioretta,0,,,
35,1,276,M6B,Paganica 2,0,,,
35,1,277,M6B,via Onna,0,,,
35,1,278,M6B,via dell'Industria,0,,,
35,1,279,M6B,c/o Innamorati,0,,,
35,1,280,M6B,c/o Innamorati,1,,,
35,1,281,M6B,via Fioretta,1,,,
35,1,282,M6B,Paganica 2,1,,,
35,1,283,M6B,via Onna,1,,,
35,1,284,M6B,via Sant'Emidio,1,,,
35,1,285,M6B,Paganica,1,,,
9,1,286,6D,PARTENZA TERMINAL,0,,,
9,1,287,6D,ARRIVO PAGANICA,0,,,
9,1,288,7,,1,,,
9,1,289,7,,1,,,
9,1,290,7,,1,,,
9,1,291,M7A,,1,,,
9,1,292,M7A,,1,,,
9,1,293,M7A,,1,,,
9,1,294,M7A,,1,,,
9,1,295,M7A,,1,,,
9,1,296,M7A,,1,,,
9,1,297,M7A,,1,,,
9,1,298,M7A,,1,,,
9,1,299,M7A,,1,,,
9,1,300,M7A,,1,,,
9,1,301,M7A,,1,,,
9,1,302,7,,1,,,
9,1,303,7,,1,,,
9,1,304,6S,PARTENZA PAGANICA,1,,,
9,1,305,6S,ARRIVO TERMINAL,1,,,
13,1,306,Terminal,A,0,,,
13,1,307,Terminal,A,0,,,
13,1,308,Terminal,A,0,,,
13,1,309,Terminal,A,0,,,
13,1,310,Terminal,N,0,,,
13,1,311,Terminal,BS,0,,,
13,1,312,Terminal,BS,0,,,
13,1,313,Terminal,BS,0,,,
13,1,314,Terminal,BS,0,,,
13,1,315,Terminal,BS,0,,,
11,1,316,Terminal,9,0,,,
11,1,317,Terminal,9,0,,,
11,1,318,Terminal,M9,0,,,
11,1,319,Terminal,M9,0,,,
11,1,320,Terminal,M9,0,,,
11,1,321,Terminal,9,0,,,
11,1,322,Terminal,9,0,,,
11,1,323,Terminal,9,0,,,
11,1,324,Terminal,M9,0,,,
11,1,325,Terminal,M9,0,,,
16,1,326,07.40,M10A,0,,,
16,1,327,07.40,10,0,,,
16,1,328,07.40,10,0,,,
16,1,329,07.40,10,0,,,
16,1,330,07.40,10,0,,,
16,1,331,07.40,10,0,,,
16,1,332,07.40,10,0,,,
16,1,333,07.40,10,0,,,
16,1,334,07.40,10A,0,,,
16,1,335,07.40,10,0,,,
16,1,336,07.40,M10,0,,,
16,1,337,07.40,M10,0,,,
16,1,338,07.40,M10,0,,,
16,1,339,07.25,M10,0,,,
2,1,340,Terminalbus,,0,,,
2,1,341,Monteluco,,0,,,
2,1,342,Monteluco,,0,,,
2,1,343,Monteluco,,0,,,
2,1,344,Monteluco,,0,,,
2,1,345,Terminalbus,,0,,,
2,1,346,Terminalbus,,0,,,
2,1,347,Terminalbus,,0,,,
2,1,348,Terminalbus,,0,,,
2,1,349,Terminalbus,,0,,,
2,1,350,Terminalbus,,0,,,
2,1,351,Terminalbus,A,0,,,
2,1,352,Terminalbus,A,0,,,
2,1,353,Terminalbus,A,0,,,
2,1,354,Monteluco,A,0,,,
2,1,355,Terminalbus,A,0,,,
2,1,356,Terminalbus,A,0,,,
2,1,357,Monteluco,A,0,,,
2,1,358,Terminalbus,A,0,,,
2,1,359,Terminalbus,A,0,,,
2,1,360,Terminalbus,A,0,,,
2,1,361,Terminalbus,A,0,,,
2,1,362,Monteluco,A,0,,,
2,1,363,Terminalbus,A,0,,,
2,1,364,Terminalbus,A,0,,,
2,1,365,Terminalbus,A,0,,,
2,1,366,Terminalbus,A,0,,,
2,1,367,Terminalbus,A,0,,,
2,1,368,Monteluco,A,0,,,
2,1,369,Terminalbus,A,0,,,
2,1,370,Terminalbus,A,0,,,
2,1,371,Terminalbus,A,0,,,
2,1,372,Terminalbus,A,0,,,
2,1,373,Terminalbus,A,0,,,
2,1,374,Terminalbus,A,0,,,
2,1,375,Terminalbus,A,0,,,
2,1,376,Terminalbus,A,0,,,
21,1,377,Genzano,SA,0,,,
21,1,378,Genzano,N,0,,,
21,1,379,Stazione,N,0,,,
21,1,380,L'Aquilone,N,0,,,
21,1,381,L'Aquilone,N,0,,,
21,1,382,L'Aquilone,N,0,,,
21,1,383,Roio Colle,C,0,,,
21,1,384,L'Aquilone,SD,0,,,
21,1,385,L'Aquilone,SD,0,,,
21,1,386,Roio Poggio,S,0,,,
21,1,387,L'Aquilone,S,0,,,
21,1,388,L'Aquilone,S,0,,,
21,1,389,Roio Colle,S,0,,,
21,1,390,L'Aquilone,N,0,,,
21,1,391,L'Aquilone,SE,0,,,
21,1,392,L'Aquilone,SE,0,,,
21,1,393,L'Aquilone,M,0,,,
21,1,394,Ingegneria Monteluco,SL,0,,,
21,1,395,L'Aquilone,SL,0,,,
21,1,396,L'Aquilone,SL,0,,,
21,1,397,Roio Piano,SL,0,,,
21,1,398,Roio Poggio,SF,0,,,
21,1,399,L'Aquilone,SF,0,,,
21,1,400,Roio Piano,S,0,,,
21,1,401,L'Aquilone,S,0,,,
21,1,402,L'Aquilone,S,0,,,
21,1,403,Ingegneria Monteluco,S,0,,,
21,1,404,L'Aquilone,S,0,,,
1,1,405,Terminal,A,0,,,
1,1,406,Terminal,S,0,,,
1,1,407,Terminal,S,0,,,
1,1,408,Terminal,S,0,,,
1,1,409,Terminal,S,0,,,
1,1,410,Terminal,S,0,,,
1,1,411,Via Saragat (Aquilone),H,0,,,
1,1,412,Via Saragat (Aquilone),B,0,,,
1,1,413,Terminal,SH,0,,,
1,1,414,Terminal,C,0,,,
1,1,415,Terminal,C,0,,,
1,1,416,Via Saragat (Aquilone),C,0,,,
1,1,417,Via Saragat (Aquilone),C,0,,,
1,1,418,Terminal,C,0,,,
5,1,419,Terminal,12A,0,,,
5,1,420,Terminal,12A,0,,,
5,1,421,Terminal,M12A,0,,,
5,1,422,Terminal,M12A,0,,,
5,1,423,Terminal,M12A,0,,,
5,1,424,Via Saragat (Aquilone),M12A,0,,,
5,1,425,Terminal,12A,0,,,
5,1,426,Foce di Sassa,M12A,0,,,
5,1,427,Terminal,M12A,0,,,
5,1,428,Via Saragat (Aquilone),12A,0,,,
5,1,429,Via Saragat (Aquilone),12A,0,,,
5,1,430,Terminal,M12A,0,,,
5,1,431,Terminal,M12A,0,,,
5,1,432,Foce di Sassa,M12A,0,,,
36,1,433,M12X,OSPEDALE,0,,,
36,1,434,M12X,UNIVERSITA' COPPTIO,0,,,
36,1,435,M12X,L'AQUILONE,0,,,
36,1,436,M12X,VIA SARAGAT,0,,,
36,1,437,M12X,COLLEFRACIDO,0,,,
36,1,438,M12X,COLLEFRACIDO,0,,,
36,1,439,M12X,VIA SARAGAT,0,,,
36,1,440,M12X,SS.17,0,,,
36,1,441,M12X,L'AQUILONE,0,,,
36,1,442,M12X,UNIVERSITA' COPPITO,0,,,
36,1,443,M12X,OSPEDALE,0,,,
30,1,444,ospedale,,0,,,
30,1,445,università coppito,,0,,,
30,1,446,università coppito,,0,,,
30,1,447,università coppito,,0,,,
30,1,448,università coppito,,0,,,
30,1,449,università coppito,D,0,,,
30,1,450,università coppito,D,0,,,
30,1,451,università coppito,D,0,,,
30,1,452,università coppito,D,0,,,
30,1,453,san marco-pozza,D,0,,,
30,1,454,c.rossa,,1,,,
30,1,455,c.rossa,,1,,,
30,1,456,c.rossa,S,1,,,
30,1,457,c.rossa,S,1,,,
30,1,458,c.rossa,S,1,,,
30,1,459,c.rossa,S,1,,,
30,1,460,cese,S,1,,,
30,1,461,cese,N,1,,,
30,1,462,cese,ES,1,,,
30,1,463,cese,GS,1,,,
30,1,464,cese,S,1,,,
30,1,465,san marco-pozza,S,1,,,
30,1,466,c.rossa,N,1,,,
27,1,467,Università coppito,BS,0,,,
27,1,468,Università coppito,S,0,,,
27,1,469,Università coppito,Z,0,,,
27,1,470,Università coppito,J,0,,,
27,1,471,L'Aquilone,SC,0,,,
27,1,472,L'Aquilone,NC,0,,,
27,1,473,Coppito,A,0,,,
27,1,474,Preturo,A,0,,,
27,1,475,L'Aquilone,A,0,,,
27,1,476,L'Aquilone,A,0,,,
27,1,477,L'Aquilone,A,0,,,
27,1,478,L'Aquilone,A,0,,,
27,1,479,L'Aquilone,A,0,,,
27,1,480,L'Aquilone,A,0,,,
27,1,481,L'Aquilone,A,0,,,
27,1,482,L'Aquilone,A,0,,,
27,1,483,L'Aquilone,A,0,,,
27,1,484,Università coppito,A,0,,,
27,1,485,Cese(dir.S.R.80),-,1,,,
27,1,486,Cese(dir.S.R.80),-,1,,,
27,1,487,Cese(dir.S.R.80),-,1,,,
27,1,488,Cese(dir.S.R.80),-,1,,,
27,1,489,Cese(dir.S.R.80),08:10,1,,,
27,1,490,Cese(dir.S.R.80),08:10,1,,,
27,1,491,Cese(dir.S.R.80),09:30,1,,,
27,1,492,Cese(dir.S.R.80),10:50,1,,,
27,1,493,Cese(dir.S.R.80),12:10,1,,,
27,1,494,Cese(dir.S.R.80),13:30,1,,,
27,1,495,Cese(dir.S.R.80),14:50,1,,,
27,1,496,Cese(dir.S.R.80),16:10,1,,,
27,1,497,Cese(dir.S.R.80),17:30,1,,,
27,1,498,Cese(dir.S.R.80),18:50,1,,,
27,1,499,Cese(dir.S.R.80),20:10,1,,,
27,1,500,Cese(dir.S.R.80),21:40,1,,,
20,1,501,Terminal,F,0,,,
20,1,502,arischia IACP,S,0,,,
20,1,503,bivio cansatessa,AS,0,,,
20,1,504,Terminal,BS,0,,,
20,1,505,Terminal,CS,0,,,
20,1,506,Terminal,N,0,,,
20,1,507,Terminal,C,0,,,
20,1,508,Terminal,F,0,,,
20,1,509,Terminal,F,0,,,
20,1,510,università coppito,F,0,,,
20,1,511,Terminal,F,0,,,
20,1,512,Terminal,DS,0,,,
20,1,513,Terminal,N,0,,,
20,1,514,Terminal,S,0,,,
20,1,515,Terminal,IST,0,,,
20,1,516,arischia IACP,OS,0,,,
20,1,517,arischia IACP,N,0,,,
20,1,518,Terminal,T,0,,,
20,1,519,università coppito,T,0,,,
20,1,520,Terminal,T,0,,,
20,1,521,università coppito,T,0,,,
20,1,522,università coppito,T,0,,,
8,1,523,Terminalbus,,0,,,
8,1,524,Terminalbus,C,0,,,
8,1,525,Terminalbus,BC,0,,,
8,1,526,Terminalbus,BC,0,,,
8,1,527,Terminalbus,BC,0,,,
8,1,528,Terminalbus,BC,0,,,
8,1,529,Terminalbus,BC,0,,,
8,1,530,Terminalbus,S,0,,,
8,1,531,Terminalbus,S,0,,,
8,1,532,Terminalbus,D,0,,,
8,1,533,Terminalbus,D,0,,,
8,1,534,Terminalbus,D,0,,,
8,1,535,Terminalbus,D,0,,,
8,1,536,Terminalbus,D,0,,,
8,1,537,Terminalbus,C,0,,,
3,1,538,Picenze,,0,,,
3,1,539,s.s.17-s.gregorio,S,0,,,
3,1,540,MAP s.gregorio,S,0,,,
3,1,541,Picenze,S,0,,,
3,1,542,Picenze,S,0,,,
3,1,543,Picenze,S,0,,,
3,1,544,MAP s.gregorio,S,0,,,
3,1,545,Picenze,B,0,,,
3,1,546,MAP s.gregorio,S,0,,,
3,1,547,Picenze,A,0,,,
3,1,548,Picenze,C,0,,,
3,1,549,Picenze,C,0,,,
3,1,550,Picenze,C,0,,,
3,1,551,s.s.17-s.gregorio,C,0,,,
3,1,552,Terminalbus,,1,,,
3,1,553,Terminalbus,S,1,,,
3,1,554,paganica,S,1,,,
3,1,555,Terminalbus,S,1,,,
3,1,556,Terminalbus,S,1,,,
3,1,557,Terminalbus,S,1,,,
3,1,558,paganica,S,1,,,
3,1,559,Terminalbus,S,1,,,
3,1,560,Terminalbus,S,1,,,
3,1,561,Terminalbus,S,1,,,
3,1,562,Terminalbus,S,1,,,
3,1,563,Terminalbus,S,1,,,
3,1,564,Terminalbus,S,1,,,
37,1,565,Corte dei Conti08.05,,0,,,
37,1,566,Piazzale Cencioni,,0,,,
37,1,567,Via Strinella,S,0,,,
37,1,568,Piazzale Cencioni,B,0,,,
37,1,569,Stazione,T,0,,,
37,1,570,Piazzale Cencioni,T,0,,,
37,1,571,Stazione,B,0,,,
37,1,572,Viale Duca degli Abruzzi,A,0,,,
37,1,573,Viale Duca degli Abruzzi,A,0,,,
37,1,574,Viale Duca degli Abruzzi,A,0,,,
38,1,575,terminalbus,07.30,0,,,
38,1,576,terminalbus,20.50,0,,,
38,1,577,terminalbus,09.10,0,,,
38,1,578,terminalbus,20.10,0,,,
39,1,579,Parcheggio ex Caserma Rossi,07.30,0,,,
39,1,580,Parcheggio ex Caserma Rossi,09.30,0,,,
39,1,581,12.30,12.30,1,,,
39,1,582,14.30,14.30,1,,,
39,1,583,17.30,17.30,1,,,
39,1,584,20.30,20.30,1,,,
40,2,585,terminalbus,07.30,0,,,
40,2,586,terminalbus,20.50,0,,,
40,2,587,terminalbus,09.10,0,,,
40,2,588,terminalbus,20.10,0,,,
41,2,589,l'aquilone,,0,,,
41,2,590,l'aquilone,,0,,,
41,2,591,l'aquilone,,0,,,
41,2,592,l'aquilone,,0,,,
41,2,593,l'aquilone,,0,,,
41,2,594,l'aquilone,,0,,,
41,2,595,l'aquilone,,0,,,
41,2,596,l'aquilone,,0,,,
41,2,597,l'aquilone,T,0,,,
41,2,598,l'aquilone,T,0,,,
41,2,599,l'aquilone,T,0,,,
41,2,600,l'aquilone,T,0,,,
41,2,601,l'aquilone,T,0,,,
41,2,602,l'aquilone,T,0,,,
41,2,603,l'aquilone,T,0,,,
41,2,604,l'aquilone,T,0,,,
41,2,605,l'aquilone,T,0,,,
41,2,606,l'aquilone,T,0,,,
41,2,607,l'aquilone,T,0,,,
41,2,608,l'aquilone,T,0,,,
41,2,609,l'aquilone,T,0,,,
41,2,610,l'aquilone,T,0,,,
42,2,611,terminalbus,,0,,,
42,2,612,terminalbus,,0,,,
42,2,613,terminalbus,,0,,,
42,2,614,terminalbus,,0,,,
42,2,615,terminalbus,,0,,,
42,2,616,terminalbus,,0,,,
43,2,617,funivia,08.00,0,,,
43,2,618,funivia,11.00,0,,,
43,2,619,funivia,14.00,0,,,
43,2,620,funivia,17.00,0,,,
43,2,621,funivia,20.05,0,,,
43,2,622,terminalbus,08.45,1,,,
43,2,623,terminalbus,11.45,1,,,
43,2,624,terminalbus,14.45,1,,,
43,2,625,terminalbus,17.45,1,,,
43,2,626,terminalbus,20.50,1,,,
44,2,627,terminalbus,07.00,0,,,
44,2,628,terminalbus,11.00,0,,,
44,2,629,terminalbus,14.05,0,,,
44,2,630,terminalbus,17.05,0,,,
44,2,631,terminalbus,20.05,0,,,
45,2,632,07.35,09.10,0,,,
45,2,633,07.35,15.10,0,,,
45,2,634,07.05,20.40,0,,,
46,2,635,terminalbus,08.30,0,,,
46,2,636,terminalbus,11.00,0,,,
46,2,637,terminalbus,13.30,0,,,
46,2,638,terminalbus,16.00,0,,,
46,2,639,terminalbus,18.30,0,,,
47,2,640,08.00,9.30,0,,,
47,2,641,08.00,10.35,0,,,
47,2,642,08.00,12.30,0,,,
47,2,643,08.00,15.30,0,,,
47,2,644,08.00,15.30,0,,,
47,2,645,08.00,18.30,0,,,
48,3,646,12,12,0,,,
48,3,647,4X,4X,0,,,
48,3,648,M5W,M5W,0,,,
48,3,649,3X,3X,0,,,
48,3,650,3A,3A,0,,,
48,3,651,13Z,13Z,0,,,
48,3,652,13X,13X,0,,,
48,3,653,13J,13J,0,,,
48,3,654,12A,12A,0,,,
48,3,655,12A,12A,0,,,
48,3,656,12,12,0,,,
48,3,657,11X,11X,0,,,
48,3,658,M8,M8,0,,,
48,3,659,5X,5X,0,,,
48,3,660,7,7,0,,,
48,3,661,6S/,6S/,0,,,
48,3,662,6S/,6S/,0,,,
48,3,663,6DX,6DX,0,,,
48,3,664,6SO,6SO,0,,,
48,3,665,15,15,0,,,
48,3,666,15L,15L,0,,,
48,3,667,19X,19X,0,,,
48,3,668,10,10,0,,,
48,3,669,16X,16X,0,,,
48,3,670,ora partenza,2,0,,,
48,3,671,16A,16A,1,,,
48,3,672,M6,M6,1,,,
48,3,673,3V,3V,1,,,
48,3,674,M5Y,M5Y,1,,,
48,3,675,4A,4A,1,,,
48,3,676,19,19,1,,,
48,3,677,15,15,1,,,
48,3,678,11,11,1,,,
48,3,679,16A,16A,1,,,
48,3,680,2UZ,2UZ,1,,,
48,3,681,3J,3J,1,,,
48,3,682,13V,13V,1,,,
48,3,683,6D,6D,1,,,
48,3,684,12,12,1,,,
48,3,685,13Y,13Y,1,,,
48,3,686,M5Y,M5Y,1,,,
48,3,687,M12A,M12A,1,,,
48,3,688,19,19,1,,,
48,3,689,3V,3V,1,,,
48,3,690,13X,13X,1,,,
48,3,691,15,15,1,,,
48,3,692,M9,M9,1,,,
48,3,693,6S,6S,1,,,
48,3,694,11Y,11Y,1,,,
48,3,695,13J,13J,1,,,
48,3,696,6D,6D,1,,,
48,3,697,12,12,1,,,
48,3,698,M5Y,M5Y,1,,,
48,3,699,M8X,M8X,1,,,
48,3,700,19P,19P,1,,,
48,3,701,1Y,1Y,1,,,
48,3,702,6SO,6SO,1,,,
48,3,703,16,16,1,,,
48,3,704,10,10,1,,,
48,3,705,7,7,1,,,
48,3,706,12A,12A,1,,,
48,3,707,M8X,M8X,1,,,
49,3,708,11L,11L,0,,,
49,3,709,13Z,13Z,0,,,
49,3,710,12,12,0,,,
49,3,711,12A,12A,0,,,
49,3,712,12A,12A,0,,,
49,3,713,3A,3A,0,,,
49,3,714,19G,19G,0,,,
49,3,715,M12A,M12A,0,,,
49,3,716,19,19,0,,,
49,3,717,2,2,0,,,
49,3,718,13Y,13Y,0,,,
49,3,719,19Y,19Y,0,,,
49,3,720,M19X,M19X,0,,,
49,3,721,19,19,0,,,
49,3,722,11L,11L,0,,,
49,3,723,12,12,0,,,
49,3,724,M12A,M12A,0,,,
49,3,725,M19,M19,0,,,
49,3,726,19P,19P,0,,,
49,3,727,19,19,0,,,
49,3,728,12,12,0,,,
49,3,729,13J,13J,0,,,
50,3,730,15A,15A,0,,,
50,3,731,14D,14D,0,,,
50,3,732,11L,11L,0,,,
50,3,733,15L,15L,0,,,
50,3,734,3LX,3LX,0,,,
50,3,735,12,12,0,,,
50,3,736,4L,4L,0,,,
50,3,737,4L,4L,0,,,
50,3,738,3,3,0,,,
50,3,739,3A,3A,0,,,
50,3,740,13X,13X,0,,,
50,3,741,3,3,0,,,
50,3,742,M14X,M14X,0,,,
50,3,743,4Y,4Y,0,,,
50,3,744,3LX,3LX,0,,,
50,3,745,3,3,0,,,
50,3,746,3,3,0,,,
50,3,747,13Y,13Y,0,,,
50,3,748,15,15,0,,,
50,3,749,15,15,0,,,
50,3,750,3,3,0,,,
50,3,751,3,3,0,,,
50,3,752,13W,13W,0,,,
50,3,753,13Z,13Z,0,,,
51,3,754,12,12,0,,,
51,3,755,M12A,M12A,0,,,
51,3,756,13Y,13Y,0,,,
51,3,757,13J,13J,0,,,
51,3,758,12,12,0,,,
51,3,759,M12A,M12A,0,,,
51,3,760,M11Y,M11Y,1,,,
51,3,761,M10X,M10X,1,,,
51,3,762,M11Y,M11Y,1,,,
51,3,763,M10X,M10X,1,,,
52,3,764,ora arrivo,12,0,,,
52,3,765,ora arrivo,4X,0,,,
52,3,766,ora arrivo,M5W,0,,,
52,3,767,ora arrivo,3A,0,,,
52,3,768,ora arrivo,13Z,0,,,
52,3,769,ora arrivo,13X,0,,,
52,3,770,ora arrivo,13J,0,,,
52,3,771,ora arrivo,12A,0,,,
52,3,772,ora arrivo,12,0,,,
52,3,773,ora arrivo,11X,0,,,
52,3,774,ora arrivo,M8,0,,,
52,3,775,ora arrivo,6S/,0,,,
52,3,776,ora arrivo,6DX,0,,,
52,3,777,ora arrivo,6SO,0,,,
52,3,778,ora arrivo,15L,0,,,
52,3,779,ora arrivo,10,0,,,
52,3,780,ora arrivo,16X,0,,,
52,3,781,11,11,1,,,
52,3,782,16A,16A,1,,,
52,3,783,2UZ,2UZ,1,,,
52,3,784,6D,6D,1,,,
52,3,785,M12A,M12A,1,,,
52,3,786,19,19,1,,,
52,3,787,15,15,1,,,
52,3,788,13X,13X,1,,,
52,3,789,M9,M9,1,,,
52,3,790,11Y,11Y,1,,,
52,3,791,13J,13J,1,,,
52,3,792,6S,6S,1,,,
52,3,793,6D,6D,1,,,
52,3,794,6SO,6SO,1,,,
52,3,795,16,16,1,,,
52,3,796,10,10,1,,,
52,3,797,M8X,M8X,1,,,
52,3,798,7,7,1,,,
52,3,799,M8X,M8X,1,,,
53,3,800,M7A,M7A,0,,,
53,3,801,6SI,6SI,0,,,
53,3,802,6D,6D,0,,,
53,3,803,6SO,6SO,0,,,
53,3,804,7,7,0,,,
53,3,805,6D,6D,0,,,
54,2,806,terminalbus,,0,,,
54,2,807,stazione F.S.,,0,,,
54,2,808,stazione F.S.,,0,,,
54,2,809,terminalbus,,0,,,
54,2,810,terminalbus,,0,,,
